Sn.No:,User_name,Repository name,Repository url
1,sindresorhus,awesome,https://github.com/sindresorhus/awesome
2,vinta,awesome-python,https://github.com/vinta/awesome-python
3,awesome-selfhosted,awesome-selfhosted,https://github.com/awesome-selfhosted/awesome-selfhosted
4,avelino,awesome-go,https://github.com/avelino/awesome-go
5,trimstray,the-book-of-secret-knowledge,https://github.com/trimstray/the-book-of-secret-knowledge
6,papers-we-love,papers-we-love,https://github.com/papers-we-love/papers-we-love
7,521xueweihan,HelloGitHub,https://github.com/521xueweihan/HelloGitHub
8,Hack-with-Github,Awesome-Hacking,https://github.com/Hack-with-Github/Awesome-Hacking
9,jaywcjlove,awesome-mac,https://github.com/jaywcjlove/awesome-mac
10,DopplerHQ,awesome-interview-questions,https://github.com/DopplerHQ/awesome-interview-questions
11,sindresorhus,awesome-nodejs,https://github.com/sindresorhus/awesome-nodejs
12,wasabeef,awesome-android-ui,https://github.com/wasabeef/awesome-android-ui
13,MunGell,awesome-for-beginners,https://github.com/MunGell/awesome-for-beginners
14,Solido,awesome-flutter,https://github.com/Solido/awesome-flutter
15,prakhar1989,awesome-courses,https://github.com/prakhar1989/awesome-courses
16,binhnguyennus,awesome-scalability,https://github.com/binhnguyennus/awesome-scalability
17,vsouza,awesome-ios,https://github.com/vsouza/awesome-ios
18,fffaraz,awesome-cpp,https://github.com/fffaraz/awesome-cpp
19,tiimgreen,github-cheat-sheet,https://github.com/tiimgreen/github-cheat-sheet
20,dypsilon,frontend-dev-bookmarks,https://github.com/dypsilon/frontend-dev-bookmarks
